{
  "source_zarr": "data\\interim\\tiles_T36RUU_2023.zarr",
  "fit_split": "train",
  "n_train_samples": 504,
  "channels": [
    "era5_t2m",
    "era5_swvl1",
    "era5_e",
    "era5_tp",
    "chirps_p",
    "chirts_tmax",
    "chirts_tmin"
  ],
  "stats": {
    "era5_t2m": {
      "mean": 301.5205360345319,
      "std": 2.3558406257066125
    },
    "era5_swvl1": {
      "mean": 0.06827305078492428,
      "std": 0.05130662368128155
    },
    "era5_e": {
      "mean": -0.0008952443994359135,
      "std": 0.000812928904216581
    },
    "era5_tp": {
      "mean": 0.00020939333356634072,
      "std": 0.0007184222922544993
    },
    "chirps_p": {
      "mean": 0.006381742978583246,
      "std": 0.027521322119100765
    },
    "chirts_tmax": {
      "mean": 309.32024416646,
      "std": 2.7105264067691173
    },
    "chirts_tmin": {
      "mean": 293.94976953038883,
      "std": 2.298233633760152
    }
  }
}
